SNP	p-value
rs1001	0.01
rs1002	0.20
rs1003	0.03
rs1004	0.07
rs1005	0.0005
rs1006	0.15
rs1007	0.049
rs1008	0.051
rs1009	0.10
rs1010	0.23
rs1011	0.45
rs1012	0.12
rs1013	0.067
rs1014	0.89
rs1015	0.034
rs1016	0.56
rs1017	0.078
rs1018	0.29
rs1019	0.0012
rs1020	0.11
rs1021	0.42
rs1022	0.33
rs1023	0.19
rs1024	0.025
rs1025	0.77
rs1026	0.044
rs1027	0.62
rs1028	0.088
rs1029	0.15
rs1030	0.009
rs1031	0.27
rs1032	0.38
rs1033	0.51
rs1034	0.072
rs1035	0.93
rs1036	0.014
rs1037	0.21
rs1038	0.65
rs1039	0.047
rs1040	0.83
rs1041	0.0023
rs1042	0.16
rs1043	0.74
rs1044	0.031
rs1045	0.58
rs1046	0.097
rs1047	0.22
rs1048	0.41
rs1049	0.063
rs1050	0.55
rs1051	0.018
rs1052	0.36
rs1053	0.79
rs1054	0.026
rs1055	0.12
rs1056	0.48
rs1057	0.085
rs1058	0.34
rs1059	0.007
rs1060	0.92
rs1061	0.052
rs1062	0.17
rs1063	0.71
rs1064	0.039
rs1065	0.64
rs1066	0.013
rs1067	0.28
rs1068	0.46
rs1069	0.076
rs1070	0.24
rs1071	0.008
rs1072	0.59
rs1073	0.032
rs1074	0.81
rs1075	0.043
rs1076	0.14
rs1077	0.37
rs1078	0.091
rs1079	0.25
rs1080	0.0018
rs1081	0.66
rs1082	0.029
rs1083	0.53
rs1084	0.082
rs1085	0.35
rs1086	0.015
rs1087	0.72
rs1088	0.057
rs1089	0.18
rs1090	0.49
rs1091	0.006
rs1092	0.87
rs1093	0.038
rs1094	0.61
rs1095	0.022
rs1096	0.30
rs1097	0.54
rs1098	0.073
rs1099	0.20
rs1100	0.0035
rs1101	0.68
rs1102	0.042
rs1103	0.75
rs1104	0.096
rs1105	0.26
rs1106	0.010
rs1107	0.69
rs1108	0.050
rs1109	0.13
rs1110	0.44
rs1111	0.0042
rs1112	0.94
rs1113	0.035
rs1114	0.60
rs1115	0.019
rs1116	0.31
rs1117	0.47
rs1118	0.081
rs1119	0.23
rs1120	0.005
rs1121	0.70
rs1122	0.040
rs1123	0.80
rs1124	0.098
rs1125	0.27
rs1126	0.011
rs1127	0.63
rs1128	0.053
rs1129	0.14
rs1130	0.43
rs1131	0.002
rs1132	0.95
rs1133	0.036
rs1134	0.62
rs1135	0.020
rs1136	0.32
rs1137	0.45
rs1138	0.083
rs1139	0.24
rs1140	0.006
rs1141	0.71
rs1142	0.041
rs1143	0.78
rs1144	0.099
rs1145	0.28
rs1146	0.012
rs1147	0.65
rs1148	0.054
rs1149	0.15
rs1150	0.42
rs1151	0.001
rs1152	0.96
rs1153	0.037
rs1154	0.63
rs1155	0.021
rs1156	0.33
rs1157	0.46
rs1158	0.084
rs1159	0.25
rs1160	0.007
rs1161	0.72
rs1162	0.044
rs1163	0.77
rs1164	0.100
rs1165	0.29
rs1166	0.013
rs1167	0.66
rs1168	0.055
rs1169	0.16
rs1170	0.41
rs1171	0.002
rs1172	0.97
rs1173	0.038
rs1174	0.64
rs1175	0.022
rs1176	0.34
rs1177	0.47
rs1178	0.085
rs1179	0.26
rs1180	0.008
rs1181	0.73
rs1182	0.045
rs1183	0.76
rs1184	0.101
rs1185	0.30
rs1186	0.014
rs1187	0.67
rs1188	0.056
rs1189	0.17
rs1190	0.40
rs1191	0.003
rs1192	0.98
rs1193	0.039
rs1194	0.65
rs1195	0.023
rs1196	0.35
rs1197	0.48
rs1198	0.086
rs1199	0.27
rs1200	0.009
rs1201	0.74
rs1202	0.046
rs1203	0.75
rs1204	0.102
rs1205	0.31
rs1206	0.015
rs1207	0.68
rs1208	0.057
rs1209	0.18
rs1210	0.39
rs1211	0.004
rs1212	0.99
rs1213	0.040
rs1214	0.66
rs1215	0.024
rs1216	0.36
rs1217	0.49
rs1218	0.087
rs1219	0.28
rs1220	0.010
rs1221	0.75
rs1222	0.047
rs1223	0.74
rs1224	0.103
rs1225	0.32
rs1226	0.016
rs1227	0.69
rs1228	0.058
rs1229	0.19
rs1230	0.38
rs1231	0.005
rs1232	1.00
rs1233	0.041
rs1234	0.67
rs1235	0.025
rs1236	0.37
rs1237	0.50
rs1238	0.088
rs1239	0.29
rs1240	0.011
rs1241	0.76
rs1242	0.048
rs1243	0.73
rs1244	0.104
rs1245	0.33
rs1246	0.017
rs1247	0.70
rs1248	0.059
rs1249	0.20
rs1250	0.37
rs1251	0.006
rs1252	0.99
rs1253	0.042
rs1254	0.68
rs1255	0.026
rs1256	0.38
rs1257	0.51
rs1258	0.089
rs1259	0.30
rs1260	0.012
rs1261	0.77
rs1262	0.049
rs1263	0.72
rs1264	0.105
rs1265	0.34
rs1266	0.018
rs1267	0.71
rs1268	0.060
rs1269	0.21
rs1270	0.36
rs1271	0.007
rs1272	0.98
rs1273	0.043
rs1274	0.69
rs1275	0.027
rs1276	0.39
rs1277	0.52
rs1278	0.090
rs1279	0.31
rs1280	0.013
rs1281	0.78
rs1282	0.050
rs1283	0.71
rs1284	0.106
rs1285	0.35
rs1286	0.019
rs1287	0.72
rs1288	0.061
rs1289	0.22
rs1290	0.35
rs1291	0.008
rs1292	0.97
rs1293	0.044
rs1294	0.70
rs1295	0.028
rs1296	0.40
rs1297	0.53
rs1298	0.091
rs1299	0.32
rs1300	0.014
rs1301	0.79
rs1302	0.051
rs1303	0.70
rs1304	0.107
rs1305	0.36
rs1306	0.020
rs1307	0.73
rs1308	0.062
rs1309	0.23
rs1310	0.34
rs1311	0.009
rs1312	0.96
rs1313	0.045
rs1314	0.71
rs1315	0.029
rs1316	0.41
rs1317	0.54
rs1318	0.092
rs1319	0.33
rs1320	0.015
rs1321	0.80
rs1322	0.052
rs1323	0.69
rs1324	0.108
rs1325	0.37
rs1326	0.021
rs1327	0.74
rs1328	0.063
rs1329	0.24
rs1330	0.33
rs1331	0.010
rs1332	0.95
rs1333	0.046
rs1334	0.72
rs1335	0.030
rs1336	0.42
rs1337	0.55
rs1338	0.093
rs1339	0.34
rs1340	0.016
rs1341	0.81
rs1342	0.053
rs1343	0.68
rs1344	0.109
rs1345	0.38
rs1346	0.022
rs1347	0.75
rs1348	0.064
rs1349	0.25
rs1350	0.32
rs1351	0.011
rs1352	0.94
rs1353	0.047
rs1354	0.73
rs1355	0.031
rs1356	0.43
rs1357	0.56
rs1358	0.094
rs1359	0.35
rs1360	0.017
rs1361	0.82
rs1362	0.054
rs1363	0.67
rs1364	0.110
rs1365	0.39
rs1366	0.023
rs1367	0.76
rs1368	0.065
rs1369	0.26
rs1370	0.31
rs1371	0.012
rs1372	0.93
rs1373	0.048
rs1374	0.74
rs1375	0.032
rs1376	0.44
rs1377	0.57
rs1378	0.095
rs1379	0.36
rs1380	0.018
rs1381	0.83
rs1382	0.055
rs1383	0.66
rs1384	0.111
rs1385	0.40
rs1386	0.024
rs1387	0.77
rs1388	0.066
rs1389	0.27
rs1390	0.30
rs1391	0.013
rs1392	0.92
rs1393	0.049
rs1394	0.75
rs1395	0.033
rs1396	0.45
rs1397	0.58
rs1398	0.096
rs1399	0.37
rs1400	0.019
rs1401	0.84
rs1402	0.056
rs1403	0.65
rs1404	0.112
rs1405	0.41
rs1406	0.025
rs1407	0.78
rs1408	0.067
rs1409	0.28
rs1410	0.29
rs1411	0.014
rs1412	0.91
rs1413	0.050
rs1414	0.76
rs1415	0.034
rs1416	0.46
rs1417	0.59
rs1418	0.097
rs1419	0.38
rs1420	0.020
rs1421	0.85
rs1422	0.057
rs1423	0.64
rs1424	0.113
rs1425	0.42
rs1426	0.026
rs1427	0.79
rs1428	0.068
rs1429	0.29
rs1430	0.28
rs1431	0.015
rs1432	0.90
rs1433	0.051
rs1434	0.77
rs1435	0.035
rs1436	0.47
rs1437	0.60
rs1438	0.098
rs1439	0.39
rs1440	0.021
rs1441	0.86
rs1442	0.058
rs1443	0.63
rs1444	0.114
rs1445	0.43
rs1446	0.027
rs1447	0.80
rs1448	0.069
rs1449	0.30
rs1450	0.27
rs1451	0.016
rs1452	0.89
rs1453	0.052
rs1454	0.78
rs1455	0.036
rs1456	0.48
rs1457	0.61
rs1458	0.099
rs1459	0.40
rs1460	0.022
rs1461	0.87
rs1462	0.059
rs1463	0.62
rs1464	0.115
rs1465	0.44
rs1466	0.028
rs1467	0.81
rs1468	0.070
rs1469	0.31
rs1470	0.26
rs1471	0.017
rs1472	0.88
rs1473	0.053
rs1474	0.79
rs1475	0.037
rs1476	0.49
rs1477	0.62
rs1478	0.100
rs1479	0.41
rs1480	0.023
rs1481	0.88
rs1482	0.060
rs1483	0.61
rs1484	0.116
rs1485	0.45
rs1486	0.029
rs1487	0.82
rs1488	0.071
rs1489	0.32
rs1490	0.25
rs1491	0.018
rs1492	0.87
rs1493	0.054
rs1494	0.80
rs1495	0.038
rs1496	0.50
rs1497	0.63
rs1498	0.101
rs1499	0.42
rs1500	0.024
rs1501	0.89
rs1502	0.061
rs1503	0.60
rs1504	0.117
rs1505	0.46
rs1506	0.030
rs1507	0.83
rs1508	0.072
rs1509	0.33
rs1510	0.24
rs1511	0.019
rs1512	0.86
rs1513	0.055
rs1514	0.81
rs1515	0.039
rs1516	0.51
rs1517	0.64
rs1518	0.102
rs1519	0.43
rs1520	0.025
rs1521	0.90
rs1522	0.062
rs1523	0.59
rs1524	0.118
rs1525	0.47
rs1526	0.031
rs1527	0.84
rs1528	0.073
rs1529	0.34
rs1530	0.23
rs1531	0.020
rs1532	0.85
rs1533	0.056
rs1534	0.82
rs1535	0.040
rs1536	0.52
rs1537	0.65
rs1538	0.103
rs1539	0.44
rs1540	0.026
rs1541	0.91
rs1542	0.063
rs1543	0.58
rs1544	0.119
rs1545	0.48
rs1546	0.032
rs1547	0.85
rs1548	0.074
rs1549	0.35
rs1550	0.22
rs1551	0.021
rs1552	0.84
rs1553	0.057
rs1554	0.83
rs1555	0.041
rs1556	0.53
rs1557	0.66
rs1558	0.104
rs1559	0.45
rs1560	0.027
rs1561	0.92
rs1562	0.064
rs1563	0.57
rs1564	0.120
rs1565	0.49
rs1566	0.033
rs1567	0.86
rs1568	0.075
rs1569	0.36
rs1570	0.21
rs1571	0.022
rs1572	0.83
rs1573	0.058
rs1574	0.84
rs1575	0.042
rs1576	0.54
rs1577	0.67
rs1578	0.105
rs1579	0.46
rs1580	0.028
rs1581	0.93
rs1582	0.065
rs1583	0.56
rs1584	0.121
rs1585	0.50
rs1586	0.034
rs1587	0.87
rs1588	0.076
rs1589	0.37
rs1590	0.20
rs1591	0.023
rs1592	0.82
rs1593	0.059
rs1594	0.85
rs1595	0.043
rs1596	0.55
rs1597	0.68
rs1598	0.106
rs1599	0.47
rs1600	0.029
rs1601	0.94
rs1602	0.066
rs1603	0.55
rs1604	0.122
rs1605	0.51
rs1606	0.035
rs1607	0.88
rs1608	0.077
rs1609	0.38
rs1610	0.19
rs1611	0.024
rs1612	0.81
rs1613	0.060
rs1614	0.86
rs1615	0.044
rs1616	0.56
rs1617	0.69
rs1618	0.107
rs1619	0.48
rs1620	0.030
rs1621	0.95
rs1622	0.067
rs1623	0.54
rs1624	0.123
rs1625	0.52
rs1626	0.036
rs1627	0.89
rs1628	0.078
rs1629	0.39
rs1630	0.18
rs1631	0.025
rs1632	0.80
rs1633	0.061
rs1634	0.87
rs1635	0.045
rs1636	0.57
rs1637	0.70
rs1638	0.108
rs1639	0.49
rs1640	0.031
rs1641	0.96
rs1642	0.068
rs1643	0.53
rs1644	0.124
rs1645	0.53
rs1646	0.037
rs1647	0.90
rs1648	0.079
rs1649	0.40
rs1650	0.17
rs1651	0.026
rs1652	0.79
rs1653	0.062
rs1654	0.88
rs1655	0.046
rs1656	0.58
rs1657	0.71
rs1658	0.109
rs1659	0.50
rs1660	0.032
rs1661	0.97
rs1662	0.069
rs1663	0.52
rs1664	0.125
rs1665	0.54
rs1666	0.038
rs1667	0.91
rs1668	0.080
rs1669	0.41
rs1670	0.16
rs1671	0.027
rs1672	0.78
rs1673	0.063
rs1674	0.89
rs1675	0.047
rs1676	0.59
rs1677	0.72
rs1678	0.110
rs1679	0.51
rs1680	0.033
rs1681	0.98
rs1682	0.070
rs1683	0.51
rs1684	0.126
rs1685	0.55
rs1686	0.039
rs1687	0.92
rs1688	0.081
rs1689	0.42
rs1690	0.15
rs1691	0.028
rs1692	0.77
rs1693	0.064
rs1694	0.90
rs1695	0.048
rs1696	0.60
rs1697	0.73
rs1698	0.111
rs1699	0.52
rs1700	0.034
rs1701	0.99
rs1702	0.071
rs1703	0.50
rs1704	0.127
rs1705	0.56
rs1706	0.040
rs1707	0.93
rs1708	0.082
rs1709	0.43
rs1710	0.14
rs1711	0.029
rs1712	0.76
rs1713	0.065
rs1714	0.91
rs1715	0.049
rs1716	0.61
rs1717	0.74
rs1718	0.112
rs1719	0.53
rs1720	0.035
rs1721	1.00
rs1722	0.072
rs1723	0.49
rs1724	0.128
rs1725	0.57
rs1726	0.041
rs1727	0.94
rs1728	0.083
rs1729	0.44
rs1730	0.13
rs1731	0.030
rs1732	0.75
rs1733	0.066
rs1734	0.92
rs1735	0.050
rs1736	0.62
rs1737	0.75
rs1738	0.113
rs1739	0.54
rs1740	0.036
rs1741	0.99
rs1742	0.073
rs1743	0.48
rs1744	0.129
rs1745	0.58
rs1746	0.042
rs1747	0.95
rs1748	0.084
rs1749	0.45
rs1750	0.12
rs1751	0.031
rs1752	0.74
rs1753	0.067
rs1754	0.93
rs1755	0.051
rs1756	0.63
rs1757	0.76
rs1758	0.114
rs1759	0.55
rs1760	0.037
rs1761	0.98
rs1762	0.074
rs1763	0.47
rs1764	0.130
rs1765	0.59
rs1766	0.043
rs1767	0.96
rs1768	0.085
rs1769	0.46
rs1770	0.11
rs1771	0.032
rs1772	0.73
rs1773	0.068
rs1774	0.94
rs1775	0.052
rs1776	0.64
rs1777	0.77
rs1778	0.115
rs1779	0.56
rs1780	0.038
rs1781	0.97
rs1782	0.075
rs1783	0.46
rs1784	0.131
rs1785	0.60
rs1786	0.044
rs1787	0.97
rs1788	0.086
rs1789	0.47
rs1790	0.10
rs1791	0.033
rs1792	0.72
rs1793	0.069
rs1794	0.95
rs1795	0.053
rs1796	0.65
rs1797	0.78
rs1798	0.116
rs1799	0.57
rs1800	0.039
rs1801	0.96
rs1802	0.076
rs1803	0.45
rs1804	0.132
rs1805	0.61
rs1806	0.045
rs1807	0.98
rs1808	0.087
rs1809	0.48
rs1810	0.09
rs1811	0.034
rs1812	0.71
rs1813	0.070
rs1814	0.96
rs1815	0.054
rs1816	0.66
rs1817	0.79
rs1818	0.117
rs1819	0.58
rs1820	0.040
rs1821	0.95
rs1822	0.077
rs1823	0.44
rs1824	0.133
rs1825	0.62
rs1826	0.046
rs1827	0.99
rs1828	0.088
rs1829	0.49
rs1830	0.08
rs1831	0.035
rs1832	0.70
rs1833	0.071
rs1834	0.97
rs1835	0.055
rs1836	0.67
rs1837	0.80
rs1838	0.118
rs1839	0.59
rs1840	0.041
rs1841	0.94
rs1842	0.078
rs1843	0.43
rs1844	0.134
rs1845	0.63
rs1846	0.047
rs1847	1.00
rs1848	0.089
rs1849	0.50
rs1850	0.07
rs1851	0.036
rs1852	0.69
rs1853	0.072
rs1854	0.98
rs1855	0.056
rs1856	0.68
rs1857	0.81
rs1858	0.119
rs1859	0.60
rs1860	0.042
rs1861	0.93
rs1862	0.079
rs1863	0.42
rs1864	0.135
rs1865	0.64
rs1866	0.048
rs1867	0.99
rs1868	0.090
rs1869	0.51
rs1870	0.06
rs1871	0.037
rs1872	0.68
rs1873	0.073
rs1874	0.99
rs1875	0.057
rs1876	0.69
rs1877	0.82
rs1878	0.120
rs1879	0.61
rs1880	0.043
rs1881	0.92
rs1882	0.080
rs1883	0.41
rs1884	0.136
rs1885	0.65
rs1886	0.049
rs1887	0.98
rs1888	0.091
rs1889	0.52
rs1890	0.05
rs1891	0.038
rs1892	0.67
rs1893	0.074
rs1894	1.00
rs1895	0.058
rs1896	0.70
rs1897	0.83
rs1898	0.121
rs1899	0.62
rs1900	0.044
rs1901	0.91
rs1902	0.081
rs1903	0.40
rs1904	0.137
rs1905	0.66
rs1906	0.050
rs1907	0.97
rs1908	0.092
rs1909	0.53
rs1910	0.04
rs1911	0.039
rs1912	0.66
rs1913	0.075
rs1914	0.99
rs1915	0.059
rs1916	0.71
rs1917	0.84
rs1918	0.122
rs1919	0.63
rs1920	0.045
rs1921	0.90
rs1922	0.082
rs1923	0.39
rs1924	0.138
rs1925	0.67
rs1926	0.051
rs1927	0.96
rs1928	0.093
rs1929	0.54
rs1930	0.03
rs1931	0.040
rs1932	0.65
rs1933	0.076
rs1934	0.98
rs1935	0.060
rs1936	0.72
rs1937	0.85
rs1938	0.123
rs1939	0.64
rs1940	0.046
rs1941	0.89
rs1942	0.083
rs1943	0.38
rs1944	0.139
rs1945	0.68
rs1946	0.052
rs1947	0.95
rs1948	0.094
rs1949	0.55
rs1950	0.02
rs1951	0.041
rs1952	0.64
rs1953	0.077
rs1954	0.97
rs1955	0.061
rs1956	0.73
rs1957	0.86
rs1958	0.124
rs1959	0.65
rs1960	0.047
rs1961	0.88
rs1962	0.084
rs1963	0.37
rs1964	0.140
rs1965	0.69
rs1966	0.053
rs1967	0.94
rs1968	0.095
rs1969	0.56
rs1970	0.01
rs1971	0.042
rs1972	0.63
rs1973	0.078
rs1974	0.96
rs1975	0.062
rs1976	0.74
rs1977	0.87
rs1978	0.125
rs1979	0.66
rs1980	0.048
rs1981	0.87
rs1982	0.085
rs1983	0.36
rs1984	0.141
rs1985	0.70
rs1986	0.054
rs1987	0.93
rs1988	0.096
rs1989	0.57
rs1990	0.00
rs1991	0.043
rs1992	0.62
rs1993	0.079
rs1994	0.95
rs1995	0.063
rs1996	0.75
rs1997	0.88
rs1998	0.126
rs1999	0.67
rs2000	0.049